,Stage,"Cry1Ac,ppmDW"
0,LateReproductive,21.481749999999998
1,Reproductive,21.953899999999997
2,Vegetative,17.028399999999998
